;product url;ranking;brand;product name;number of ratings;size;star rating;price(in dollar);color;hardware interface;compatible devices;connectivity technology;connector type;data transfer rate;mounting type;special features;date first available
0;https://www.amazon.com/Extender-Splitter-MacBook-Chromebook-Pixelbook/dp/B09MLRPTT2/ref=zg_bs_pc_sccl_1/132-8246482-5984042?psc=1;#1;vienon;USB 3.0 Hub, VIENON 4-Port USB Hub USB Splitter USB Expander for Laptop, Xbox, Flash Drive, HDD, Console, Printer, Camera,Keyborad, Mouse;666;4-Port;4,5;8,89;USB Port/Black;USB, USB 3.0, USB 2.0;USB compatible devices;Connectivity technology data not available;Connector type data not available;5 Gigabits Per Second;Mounting type data not available;Special features data not available;November 25, 2021
1;https://www.amazon.com/Fire-HD-10-tablet/dp/B08BX7FV5L/ref=zg_bs_pc_sccl_2/132-8246482-5984042?psc=1;#2;Amazon;Amazon Fire HD 10 inch tablet, 1080p Full HD, 32 GB, powerful octa-core processor, ready for downtime anytime, latest model (2021 release), Black;99.743;Size data not available;4,6;Price data not available;Color not available;Hardware interface data not available;Compatible devices data not available;Connectivity technology data not available;Connector type data not available;Data transfer rate data not available;Mounting type data not available;Special features data not available;Date first available not available
2;https://www.amazon.com/Mac-Book-Pro-Charger-Compatible/dp/B097PTBB5V/ref=zg_bs_pc_sccl_3/132-8246482-5984042?psc=1;#3;Ixcv;Mac Book Pro Charger - 118W USB C Charger Power Adapter Compatible with MacBook Pro 16, 15, 14, 13 Inch, MacBook Air 13 Inch, iPad Pro 2021/2020/2019/2018, Included 7.2ft USB C to C Cable;6.328;macbook pro charger-white;4,5;37,99;118W Macbook Pro Charger-White;Hardware interface data not available;Headphones, Tablets, Game Consoles, Laptops, Cameras, Smartphones, Smartwatches,;USB;USB-C to C;Data transfer rate data not available;Can be plugged into wall sockets or strips;Short Circuit Protection, Over Temperature Protection, Fast Charging,;July 3, 2021
3;https://www.amazon.com/Fire-7-Tablet/dp/B096WKKK2K/ref=zg_bs_pc_sccl_4/132-8246482-5984042?psc=1;#4;Amazon;Amazon Fire 7 tablet, 7” display, 16 GB, 10 hours battery life, light and portable for entertainment at home or on-the-go, (2022 release), Black;5.201;Size data not available;4,4;Price data not available;Color not available;Hardware interface data not available;Compatible devices data not available;Connectivity technology data not available;Connector type data not available;Data transfer rate data not available;Mounting type data not available;Special features data not available;Date first available not available
4;https://www.amazon.com/WiFi-6-Router-Gigabit-Wireless/dp/B08H8ZLKKK/ref=zg_bs_pc_sccl_5/132-8246482-5984042?psc=1;#5;TP-Link;TP-Link AX1800 WiFi 6 Router (Archer AX21) – Dual Band Wireless Internet Router, Gigabit Router, USB port, Works with Alexa - A Certified for Humans Device;11.540;Size data not available;4,5;69,99;Color not available;Hardware interface data not available;Laptop;Wi-Fi, USB, Ethernet;Connector type data not available;Data transfer rate data not available;Mounting type data not available;Special features data not available;August 28, 2020
5;https://www.amazon.com/Fire-HD-8-Kids-Pro-tablet/dp/B08H5QTFLB/ref=zg_bs_pc_sccl_6/132-8246482-5984042?psc=1;#6;Amazon;"Amazon Fire HD 8 Kids Pro tablet, 8"" HD, ages 6–12, 32 GB, (2021 release), Intergalactic";15.560;Size data not available;4,7;Price data not available;Color not available;Hardware interface data not available;Compatible devices data not available;Connectivity technology data not available;Connector type data not available;Data transfer rate data not available;Mounting type data not available;Special features data not available;Date first available not available
6;https://www.amazon.com/Sabrent-4-Port-Individual-Switches-HB-UMLS/dp/B00BWF5U0M/ref=zg_bs_pc_sccl_7/132-8246482-5984042?psc=1;#7;SABRENT;SABRENT 4 Port USB 2.0 Data Hub with Individual LED lit Power Switches [Charging NOT Supported] for Mac & PC (HB-UMLS);115.225;Size data not available;4,6;8,95;Black;USB;USB compatible devices;Connectivity technology data not available;Connector type data not available;Data transfer rate data not available;Mounting type data not available;Any;March 19, 2013
7;https://www.amazon.com/All-new-Fire-HD-8-tablet/dp/B099Z8HLHT/ref=zg_bs_pc_sccl_8/132-8246482-5984042?psc=1;#8;Amazon;All-new Amazon Fire HD 8 tablet, 8” HD Display, 32 GB, 30% faster processor, designed for portable entertainment, (2022 release), Black;1.095;Size data not available;4,4;99,99;Color not available;Hardware interface data not available;Compatible devices data not available;Connectivity technology data not available;Connector type data not available;Data transfer rate data not available;Mounting type data not available;Special features data not available;Date first available not available
8;https://www.amazon.com/Mac-Book-Pro-Charger-Compatible/dp/B09GFR7NSK/ref=zg_bs_pc_sccl_9/132-8246482-5984042?psc=1;#9;Furgor;Mac Book Pro Charger - 118W USB C Charger Power Adapter Compatible with MacBook Pro 16, 15, 14, 13 Inch, MacBook Air 13 Inch, iPad Pro and All USB C Device, 7.2ft USB C to C Cable;1.996;Size data not available;4,6;35,99;White;Hardware interface data not available;Compatible with MacBook Pro 13 inch, MacBook Pro 14 inch, MacBook Pro 15 inch, MacBook Pro 16 inch, MacBook Air 13 inch, MacBook 12 inch 2020/2018, iPad Pro 12.9, iPad Pro 11, New iPad Air 4, Compatible with Headphones, Tablets, Game Consoles, Laptops, Cameras, Speakers, Cellular Phones, Smartwatches, Compatible with Samsung Galaxy, Motorola, Google Pixel 5/4/3/2, Google Pixel 4XL/3XL/2XL, Google Pixel 4a/4a 5G/3a/3a XL and more USB C devices, Tablets, Laptops, Usb c macbook charger usb c macbook air charger mac charger macbook charger mac charger macbook pro charger usb c macbook usb c charger ipad pro charger ipad air charger macbook charger mac charger macbook pro mac air charger mac laptop charger mac pro charger mac charger usb c, SmartwatchesCompatible with MacBook Pro 13 inch, MacBook Pro 14 inch, MacBook Pro 15 inch, MacBook Pro 16 inch, MacBook Air 13 i…;USB C to C;USB Type C;Data transfer rate data not available;Can be plugged into wall sockets or strips;Fast Charging, Short Circuit Protection;September 16, 2021
9;https://www.amazon.com/Stickers-50-500Pcs-Colorful-Waterproof-Aesthetic/dp/B08518LVFD/ref=zg_bs_pc_sccl_10/132-8246482-5984042?psc=1;#10;OtRainbow;300 PCS Stickers Pack (50-850Pcs/Pack), Colorful VSCO Waterproof Stickers, Cute Aesthetic Stickers. Laptop, Water Bottle, Phone, Skateboard Stickers for Teens Girls Kids, Vinyl Sticker.;15.360;Size data not available;4,6;Price data not available;Multicolor;Hardware interface data not available;Compatible devices data not available;Connectivity technology data not available;Connector type data not available;Data transfer rate data not available;Mounting type data not available;可重复使用;Date first available not available
10;https://www.amazon.com/Lenovo-Ideapad-Touchscreen-i3-1005G1-Processor/dp/B08B6F1NNR/ref=zg_bs_pc_sccl_11/132-8246482-5984042?psc=1;#11;Lenovo;"Lenovo 2022 Newest Ideapad 3 Laptop, 15.6"" HD Touchscreen, 11th Gen Intel Core i3-1115G4 Processor, 8GB DDR4 RAM, 256GB PCIe NVMe SSD, HDMI, Webcam, Wi-Fi 5, Bluetooth, Windows 11 Home, Almond";1.548;8GB RAM | 256GB SSD;4,4;396,00;Almond;Hardware interface data not available;Compatible devices data not available;Connectivity technology data not available;Connector type data not available;Data transfer rate data not available;Mounting type data not available;Special features data not available;June 15, 2020
11;https://www.amazon.com/WiFi-6-Mesh-System-AX3000/dp/B09PRB1MZM/ref=zg_bs_pc_sccl_12/132-8246482-5984042?psc=1;#12;TP-Link;TP-Link Deco AX3000 WiFi 6 Mesh System(Deco X55) - Covers up to 6500 Sq.Ft. , Replaces Wireless Router and Extender, 3 Gigabit ports per unit, supports Ethernet Backhaul (3-pack);2.777;Size data not available;4,6;184,99;White and Black;Hardware interface data not available;Personal Computer;Wi-Fi, Ethernet;Connector type data not available;Data transfer rate data not available;Mounting type data not available;Special features data not available;January 31, 2022
12;https://www.amazon.com/uni-Aluminum-Thunderbolt-Multiport-Chromebook/dp/B087QFM3GF/ref=zg_bs_pc_sccl_13/132-8246482-5984042?psc=1;#13;Uni;uni USB C to USB Hub 4 Ports, Aluminum USB Type C to USB Adapter with 4 USB 3.0 Ports, Thunderbolt 3 to Multiport USB 3.0 Hub Adapter for MacBook Pro/Air 2020/2019, iPad Pro, Dell, Chromebook and more;6.234;0.6ft;4,6;14,89;Gray;Bluetooth, USB, USB Type C, USB 3.0;Smartphones, USB Flash Drives, Mouse, Tablets, Keyboards, Laptops, Card Readers;Connectivity technology data not available;Connector type data not available;5 Gigabytes Per Second;Mounting type data not available;Special features data not available;April 27, 2021
13;https://www.amazon.com/Fire-7-Kids-Tablet/dp/B099HDR2Y6/ref=zg_bs_pc_sccl_14/132-8246482-5984042?psc=1;#14;Amazon;"Amazon Fire 7 Kids tablet, 7"" display, ages 3-7, with ad-free content kids love, 2-year worry-free guarantee, parental controls, 16 GB, (2022 release), Blue";3.385;Size data not available;4,6;Price data not available;Color not available;Hardware interface data not available;Compatible devices data not available;Connectivity technology data not available;Connector type data not available;Data transfer rate data not available;Mounting type data not available;Special features data not available;Date first available not available
14;https://www.amazon.com/T-Sound-Splitter-Keyboard-Adapter-Nintendo/dp/B083RQMC7S/ref=zg_bs_pc_sccl_15/132-8246482-5984042?psc=1;#15;YaimhSound;4-Port USB Hub 3.0, T-Sound USB Splitter for Laptop, Ps4 Keyboard and Mouse Adapter for Dell, Asus, HP, MacBook Air, Surface Pro, Acer, Xbox, Flash Drive, Mobile HD, Console, Printer, Camera;7.734;Size data not available;4,6;12,99;Black;USB 3.0, USB 2.0;Smartphones, Mouse, Keyboards, Laptops, Card Readers, Desktops, Printers;Connectivity technology data not available;Connector type data not available;5 Gigabits Per Second;Mounting type data not available;Special features data not available;January 12, 2020
15;https://www.amazon.com/SiliconV-Charger-Replacement-Magnetic-Connector/dp/B08JPHHV61/ref=zg_bs_pc_sccl_16/132-8246482-5984042?psc=1;#16;SiliconV;SiliconV 60W Mac Book Pro Charger, Replacement for Mac Book Pro 13-Inch 2012-2016 Retina Display Ac 60W 2 T Connector Power Adapter, Laptop Charger Compatible with Mac Book Pro/Mac Book Air;2.065;Size data not available;4,6;22,99;Color not available;Hardware interface data not available;Laptops;USB;T-tip;Data transfer rate data not available;T-tip;Charging Indicator;September 24, 2020
16;https://www.amazon.com/Adapter-Docking-Station-Monitors-Compatible/dp/B08CRCRPCJ/ref=zg_bs_pc_sccl_17/132-8246482-5984042?psc=1;#17;MOKiN;Docking Station USB C to Dual HDMI Adapter, USB C Hub Dual HDMI Monitors for Windows,USB C Adapter with Dual HDMI,3 USB Port,PD Compatible for Dell XPS 13/15, Lenovo Yoga,etc;4.787;Size data not available;4,3;31,99;6 in 1 4 USB;USB, USB Type C, HDMI, USB 3.0, USB 2.0;Microsoft Surface 3, Microsoft Surface Go;Connectivity technology data not available;Connector type data not available;Data transfer rate data not available;Mounting type data not available;Special features data not available;July 10, 2020
17;https://www.amazon.com/MOTOROLA-MB8611-Ethernet-Approved-Comcast/dp/B08DDFKXKC/ref=zg_bs_pc_sccl_18/132-8246482-5984042?psc=1;#18;Motorola;Motorola MB8611 DOCSIS 3.1 Multi-Gig Cable Modem | Pairs with Any WiFi Router | Approved for Comcast Xfinity, Cox Gigablast, Spectrum | 2.5 Gbps Port | 2500 Mbps Max Internet Speeds;25.713;DOCSIS 3.1 (2.5 Gbps Ethernet Port);4,5;189,99;Color not available;Hardware interface data not available;Personal Computer;Ethernet, WiFi;Connector type data not available;Data transfer rate data not available;Mounting type data not available;Special features data not available;July 21, 2020
18;https://www.amazon.com/Google-Wifi-System-Router-Replacement/dp/B08GG9CMLR/ref=zg_bs_pc_sccl_19/132-8246482-5984042?psc=1;#19;Google;Google Wifi - AC1200 - Mesh WiFi System - Wifi Router - 4500 Sq Ft Coverage - 3 pack;12.326;Three Pack;4,6;134,95;Snow;Hardware interface data not available;Personal Computer;Wi-Fi;Connector type data not available;Data transfer rate data not available;Mounting type data not available;Special features data not available;October 6, 2020
19;https://www.amazon.com/TP-Link-AC1750-Smart-WiFi-Router/dp/B079JD7F7G/ref=zg_bs_pc_sccl_20/132-8246482-5984042?psc=1;#20;TP-Link;TP-Link AC1750 Smart WiFi Router (Archer A7) -Dual Band Gigabit Wireless Internet Router for Home, Works with Alexa, VPN Server, Parental Control, QoS;68.951;Size data not available;4,4;58,98;Black;Hardware interface data not available;Personal Computer;Wi-Fi;Connector type data not available;Data transfer rate data not available;Mounting type data not available;Special features data not available;May 27, 2018
20;https://www.amazon.com/45W-Type-Charger-Power-Adapter/dp/B09MFCGJ73/ref=zg_bs_pc_sccl_21/132-8246482-5984042?psc=1;#21;YTech;45W USB C Type C Chromebook Charger Laptop Fast Charging Power Adapter, Widely Compatible with HP, Dell, Lenovo, Acer, Asus, Samsung, Google, and More;1.493;Size data not available;4,4;10,99;Color not available;Hardware interface data not available;Laptops,Tablets,Smartphones,Game Consoles;USB Type C;USB Type C;Data transfer rate data not available;Installation-free, plug-and-play;Fast charging, short circuit protection, Anti-jamming, travel;November 23, 2021
21;https://www.amazon.com/Mac-Book-Pro-Charger-Cable%EF%BC%887-2ft/dp/B0B1HJ666G/ref=zg_bs_pc_sccl_22/132-8246482-5984042?psc=1;#22;Sunveza;Mac Book Pro Charger - 118W USB C Fast Charger Power Adapter for USB C Port MacBook pro & MacBook Air 16 15 14 13 inch, Ipad Pro and All USB C Device, Include Charge Cable（7.2ft/2.2m）;836;Size data not available;4,8;28,79;118W MacBook Pro Charger-White;Hardware interface data not available;Game Consoles, Laptops, Compatible with MacBook Pro 13 inch, MacBook Pro 15 inch, MacBook Pro 16 inch, MacBook Air 13 inch, MacBook 12 inch 2020/2018, iPad Pro 12.9, iPad Pro 11, New iPad Air 4, Compatible with Headphones, Tablets, Game Consoles, Laptops, Cameras, Speakers, Cellular Phones, Smartwatches, Compatible with Samsung Galaxy, Motorola, Google Pixel 5/4/3/2, Google Pixel 4XL/3XL/2XL, Google Pixel 4a/4a 5G/3a/3a XL and more USB C devices, Usb c macbook charger usb c macbook air charger mac charger macbook charger mac charger macbook pro charger usb c macbook usb c charger ipad pro charger ipad air charger macbook charger mac charger macbook pro mac air charger mac laptop charger mac pro charger mac charger usb c, Cellular PhonesGame Consoles, Laptops, Compatible with MacBook Pro 13 inch, MacBook Pro 15 inch, MacBook Pro 16 inch, MacBook Air 1…;USB C to C;USB Type C;Data transfer rate data not available;Can be plugged into the front socket or strip;Usb C Charger, Ipad Pro Charger, Ipad Air Charger, Macbook Pro Mac Air Charger, Mac Laptop Charger, Mac Charger Usb C, Compatible with Usb C Macbook Charger, Usb C Macbook Pro Charger, Usb C Macbook Air Charger, Mac Charger, Mac Pro Charger, Mac Air Charger, Macbook Charger, Mac Book Charger, Macbook Pro Charger, Macbook Air Charger, Charger mac charger macbook pro, Compatible with MacBook Air Charger 2021 2020 2019 2018, MacBook Retina 12 inch 2015, Any USB C device, USB C MacBook Pro 13 14 15 16 inch 2021 2020 2019 2018 2017 2016, IPad Pro 12.9 11, iPad Air 4, iPad Mini 6, Lenovo Thinkpad, Yoga, ideapad, Dell, HPUsb C Charger, Ipad Pro Charger, Ipad Air Charger, Macbook Pro Mac Air Charger, Mac Laptop Charger, Mac Charger Usb C,…;May 17, 2022
22;https://www.amazon.com/Dell-Display-Docking-Station-D3100/dp/B00O0M46KO/ref=zg_bs_pc_sccl_23/132-8246482-5984042?psc=1;#23;Dell;Dell USB 3.0 Ultra HD/4K Triple Display Docking Station (D3100), Black;9.106;Size data not available;4,5;149,45;Black;USB 3.1 Type A, DisplayPort, USB 3.1 Type C, HDMI, Headphone;Dell Notebooks/Tablet PC;Connectivity technology data not available;Connector type data not available;Data transfer rate data not available;Mounting type data not available;Special features data not available;September 30, 2014
23;https://www.amazon.com/200Pcs-Bottle-Stickers-Waterproof-Aesthetic/dp/B09WDPSHLK/ref=zg_bs_pc_sccl_24/132-8246482-5984042?psc=1;#24;Win4pdlay;200Pcs Water Bottle Stickers for Kids Teens, Waterproof Vinyl Stickers, Aesthetic Laptop Stickers, Stickers for Adults, Cute Stickers Packs;287;Size data not available;4,7;9,89;Cutea;Hardware interface data not available;Compatible devices data not available;Connectivity technology data not available;Connector type data not available;Data transfer rate data not available;Mounting type data not available;防水;March 24, 2022
24;https://www.amazon.com/Fire-HD-8-tablet/dp/B0839NW32K/ref=zg_bs_pc_sccl_25/132-8246482-5984042?psc=1;#25;Amazon;"Amazon Fire HD 8 tablet, 8"" HD display, 64 GB, (2020 release), designed for portable entertainment, Twilight Blue";167.898;Size data not available;4,6;Price data not available;Color not available;Hardware interface data not available;Compatible devices data not available;Connectivity technology data not available;Connector type data not available;Data transfer rate data not available;Mounting type data not available;Special features data not available;Date first available not available
25;https://www.amazon.com/TP-Link-WiFi-AX3000-Smart-Router/dp/B09G5W9R6R/ref=zg_bs_pc_sccl_26/132-8246482-5984042?psc=1;#26;TP-Link;TP-Link AX3000 WiFi 6 Router – 802.11ax Wireless Router, Gigabit, Dual Band Internet Router, Supports VPN Server and Client, OneMesh Compatible (Archer AX55);3.249;Size data not available;4,5;94,85;Color not available;Hardware interface data not available;Router;Wi-Fi, USB, Ethernet;Connector type data not available;Data transfer rate data not available;Mounting type data not available;Special features data not available;October 11, 2021
26;https://www.amazon.com/65W-Slim-Charger-Dell-Laptop/dp/B07J6SWBDD/ref=zg_bs_pc_sccl_27/132-8246482-5984042?psc=1;#27;Dexpt;65W 45W Laptop Charger for Dell Laptop Charger - (Portable, for All Round Connectors)(Safety Certified by UL);8.070;Size data not available;4,5;16,68;Color not available;Hardware interface data not available;Dell Laptop Charger;Connectivity technology data not available;Barrel Connector;Data transfer rate data not available;Mounting type data not available;Lightweight,Portable;December 12, 2017
27;https://www.amazon.com/Fire-7-Tablet/dp/B096WJQNZ4/ref=zg_bs_pc_sccl_28/132-8246482-5984042?psc=1;#28;Amazon;Amazon Fire 7 tablet, 7” display, 16 GB, 10 hours battery life, light and portable for entertainment at home or on-the-go, (2022 release), Denim;5.201;Size data not available;4,4;Price data not available;Color not available;Hardware interface data not available;Compatible devices data not available;Connectivity technology data not available;Connector type data not available;Data transfer rate data not available;Mounting type data not available;Special features data not available;Date first available not available
28;https://www.amazon.com/SYNERLOGIC-Shortcuts-No-Residue-Compatible-13-16-inch/dp/B08YHCZNC6/ref=zg_bs_pc_sccl_29/132-8246482-5984042?psc=1;#29;Synerlogic;SYNERLOGIC Mac OS (Ventura/Monterey/Big Sur/Catalina/Mojave) Keyboard Shortcuts, M1/M2/Intel No-Residue Clear Vinyl Sticker, Compatible with 13-16-inch MacBook Air and Pro;8.345;Size data not available;4,6;5,95;Clear;Hardware interface data not available;Compatible devices data not available;Connectivity technology data not available;Connector type data not available;Data transfer rate data not available;Mounting type data not available;Special features data not available;March 9, 2021
29;https://www.amazon.com/JSAUX-Compatible-Ethernet-Charging-Deck-HB0603/dp/B0B7HVZNMB/ref=zg_bs_pc_sccl_30/132-8246482-5984042?psc=1;#30;JSAUX;JSAUX Docking Station Compatible with Steam Deck, 6-in-1 Steam Deck Dock with HDMI 2.0 4K@60Hz, Gigabit Ethernet, 3 USB-A 3.0 and Full Speed Charging USB-C Port Compatible with Valve Steam Deck-HB0603;734;Size data not available;4,4;44,99;Without Power Charger;USB Type C, Ethernet, HDMI, USB 3.0;Steam Deck, Valve Steam Deck;Connectivity technology data not available;Connector type data not available;Data transfer rate data not available;Mounting type data not available;Special features data not available;July 25, 2022
30;https://www.amazon.com/Charger-Replacement-Power-Connector-Adapter/dp/B08PKDLBZ3/ref=zg_bs_pc_sccl_31/132-8246482-5984042?psc=1;#31;SiliconV;SiliconV Charger Replacement for Mac Book Air AC 45W Power T-tip Shape Connector Power Adapter for 11 inch and 13 inch After Mid 2012;3.103;Size data not available;4,5;19,99;Color not available;Hardware interface data not available;Laptops;T-tip;T-Tip;Data transfer rate data not available;T-tip;Charging Indicator, Automatic Off;December 3, 2020
31;https://www.amazon.com/Chromebook-14-ca051wm-14-ca052wm-14-ca091wm-14-ca0061dx/dp/B09LYRT2GL/ref=zg_bs_pc_sccl_32/132-8246482-5984042?psc=1;#32;ROAYEWEY;USB Type C 45W Chromebook Charger for HP Chromebook 14 X360 14-ca051wm 14-ca052wm 14-ca091wm ca061dx 14-ca0061dx 14-ca060nr 14-ca020nr 14-ca043cl USB C Power Supply Adapter;1.278;Size data not available;4,4;13,13;Color not available;Hardware interface data not available;Laptops;Usb C,Usb Type C;USB Type C;Data transfer rate data not available;Mounting type data not available;Special features data not available;November 16, 2021
32;https://www.amazon.com/HV-F2056-15-6-17-Laptop-Cooler-Cooling/dp/B00NNMB3KS/ref=zg_bs_pc_sccl_33/132-8246482-5984042?psc=1;#33;Havit;"havit HV-F2056 15.6""-17"" Laptop Cooler Cooling Pad - Slim Portable USB Powered (3 Fans), Black/Blue";36.372;Size data not available;4,5;27,99;Black+Blue;Hardware interface data not available;Compatible devices data not available;Connectivity technology data not available;Connector type data not available;Data transfer rate data not available;Mounting type data not available;Special features data not available;September 17, 2014
33;https://www.amazon.com/Mac-Book-Pro-Charger-Cable%EF%BC%887-2ft/dp/B09FSCMR14/ref=zg_bs_pc_sccl_34/132-8246482-5984042?psc=1;#34;Feedyor;Mac Book Pro Charger - 118W USB C Charger Power Adapter for USB C MacBook Pro 16 15 14 13 Inch, MacBook Air 13 Inch 2021 2020 2019 2018, New iPad Pro, Include Charge Cable（7.2ft/2.2m）;1.773;Size data not available;4,7;29,99;118W MacBook Pro Charger-White;Hardware interface data not available;Compatible with MacBook Pro 13 inch, MacBook Pro 14 inch, MacBook Pro 15 inch, MacBook Pro 16 inch, MacBook Air 13 inch, MacBook 12 inch 2020/2018, iPad Pro 12.9, iPad Pro 11, New iPad Air 4, Compatible with Headphones, Tablets, Game Consoles, Laptops, Cameras, Speakers, Cellular Phones, Smartwatches, Compatible with Samsung Galaxy, Motorola, Google Pixel 5/4/3/2, Google Pixel 4XL/3XL/2XL, Google Pixel 4a/4a 5G/3a/3a XL and more USB C devices, Smartphones, Tablets, Laptops, Usb c macbook charger usb c macbook air charger mac charger macbook charger mac charger macbook pro charger usb c macbook usb c charger ipad pro charger ipad air charger macbook charger mac charger macbook pro mac air charger mac laptop charger mac pro charger mac charger usb cCompatible with MacBook Pro 13 inch, MacBook Pro 14 inch, MacBook Pro 15 inch, MacBook Pro 16 inch, MacBook Air 13 i…;USB C to C;USB C to C;Data transfer rate data not available;Can be plugged into wall sockets or strips;Usb C Charger, Ipad Pro Charger, Ipad Air Charger, Macbook Pro Mac Air Charger, Mac Laptop Charger, Mac Charger Usb C, Compatible with Usb C Macbook Charger, Usb C Macbook Pro Charger, Usb C Macbook Air Charger, Mac Charger, Mac Pro Charger, Mac Air Charger, Macbook Charger, Mac Book Charger, Macbook Pro Charger, Macbook Air Charger, Charger mac charger macbook pro, Compatible with MacBook Air Charger 2021 2020 2019 2018, MacBook Retina 12 inch 2015, Any USB C device, USB C MacBook Pro 13 14 15 16 inch 2021 2020 2019 2018 2017 2016, IPad Pro 12.9 11, iPad Air 4, iPad Mini 6, Lenovo Thinkpad, Yoga, ideapad, Dell, HPUsb C Charger, Ipad Pro Charger, Ipad Air Charger, Macbook Pro Mac Air Charger, Mac Laptop Charger, Mac Charger Usb C,…;September 9, 2021
34;https://www.amazon.com/eero-reliable-gigabit-connect-Coverage/dp/B08ZK2BHP2/ref=zg_bs_pc_sccl_35/132-8246482-5984042?psc=1;#35;Brand data not available;Amazon eero 6+ mesh Wi-Fi system | Fast and reliable gigabit speeds | connect 75+ devices | Coverage up to 4,500 sq. ft. | 3-pack, 2022 release;2.267;Size data not available;4,5;Price data not available;Color not available;Hardware interface data not available;Compatible devices data not available;Connectivity technology data not available;Connector type data not available;Data transfer rate data not available;Mounting type data not available;Special features data not available;Date first available not available
35;https://www.amazon.com/Amazon-Official-Site-Fire-HD-Kids-8-Tablet-8-inch-Display-2022-release/dp/B09BG5LFGS/ref=zg_bs_pc_sccl_36/132-8246482-5984042?psc=1;#36;Amazon;"All-new Amazon Fire HD 8 Kids tablet, 8"" HD display, ages 3-7, with age-appropriate curated content and easy-to-use Parent Dashboard, 32 GB, (2022 release), Blue";795;Size data not available;4,6;Price data not available;Color not available;Hardware interface data not available;Compatible devices data not available;Connectivity technology data not available;Connector type data not available;Data transfer rate data not available;Mounting type data not available;Special features data not available;Date first available not available
36;https://www.amazon.com/Eero-6-Extender/dp/B085VQVPJK/ref=zg_bs_pc_sccl_37/132-8246482-5984042?psc=1;#37;Brand data not available;Amazon eero 6 dual-band mesh Wi-Fi 6 extender - expands existing eero network;3.538;Size data not available;4,6;Price data not available;Color not available;Hardware interface data not available;Compatible devices data not available;Connectivity technology data not available;Connector type data not available;Data transfer rate data not available;Mounting type data not available;Special features data not available;Date first available not available
37;https://www.amazon.com/Charger-Replacement-Adapter-Charging-11-inch/dp/B0B38F3739/ref=zg_bs_pc_sccl_38/132-8246482-5984042?psc=1;#38;E-POWIND;Mac Book Air Charger, Replacement 45W T-Tip AC Power Adapter Charger for Charging Mac Book Air 11-inch and 13-inch;385;Size data not available;4,5;19,99;Color not available;Hardware interface data not available;Laptops;Plug-in type;6 针;Data transfer rate data not available;Plug-in type;充电指示灯;June 6, 2022
38;https://www.amazon.com/HJCDMJ-Charger-Replacement-Compatible-2018-2020/dp/B08RYXFQDT/ref=zg_bs_pc_sccl_39/132-8246482-5984042?psc=1;#39;tearplex;Mac Book Pro Charger - 96W USB C Fast Charger Power Adapter Compatible with New MacBook Air 13 Inch & MacBook Pro 16, 15, 14, 13 Inch 2021 2020 2019 2018, 6.6ft USB C to C Charge Cable;1.014;Size data not available;4,4;26,98;White;Hardware interface data not available;"Compatible with MacBook Pro 16-inch (A2166)[2019,2021],Mac Book Pro 15inch (A1706/A1707/A1708/A1719) [2016-2019],Mac Book Pro 14-inch(A2442)[2021],Mac Book Pro 13inch(A1706/A1707/A1708/A1718) [2016-2019], Mac Book Pro 13inch (A2338/A2251/A2289) [M1,2020] , Mac Book Air Retina 13inch [2018/2019/2020], Mac Book Air 13inch (A2337 M1/ A2179/A1932) [2021-2018], MacBook 12inch (A1534/A1540/A1646) [early 2015-2017] . Compatible with Dell XPS 13 2 in 1(9365)/ Dell XPS 13 9370/ Dell XPS 15 9560 / Lenovo X1/ YOGA730 / E490/ ideapad 720s-13/ THINKPAD X390/C930 13.9/ ThinkPad X270/ ThinkPad New S2 13.3/ ThinkPad T470 / Samsung Notebook9(950XBE)/ Chromebook Plus(XE513C24); Xiaomi Air and more. . Compatible with iPad Pro 12.9'' 2018/2020(3rd/4th generation)/ iPad Pro 11'' 2018/2020(1st/2nd generaion)/ iPad Pro 10.5''/ ipad 10.2-inch [2019-2020] / iPad mini 5 7.9-inch [2019] / Nintendo Switch, and more.Compatible with MacBook Pro 16-inch (A2166)[20…";USB;USB Type C;Data transfer rate data not available;Mounting type data not available;Fast Charger;January 4, 2021
39;https://www.amazon.com/Universal-Laptop-Charger-laptops-Chargeable/dp/B09688VRYZ/ref=zg_bs_pc_sccl_40/132-8246482-5984042?psc=1;#40;SLE-TECH;Universal Chromebook Charger USB C for 65W 45W Hp USB-C Laptop Charger,Replacement for Lenovo Thinkpad/Yoga,Dell Chromebook 3100,Latitude 5420,Asus,Samsung,Acer,Google Series Type C Power Adapter Cord;492;Size data not available;4,4;13,99;Color not available;Hardware interface data not available;Lenovo ThinkPad/Chromebook Series, Hp Acer Asus Samsung Chromebook Series and Mac book pro via usb c, Dell chrombook 3100 Latitude XPS 13 SeriesLenovo ThinkPad/Chromebook Series, Hp Acer Asus Samsung Chromebook Series and Mac book pro via usb c, Dell chrombo…;USB Type C;USB Type C;Data transfer rate data not available;Mounting type data not available;Travel, Short Circuit Protection, Fast charging;May 31, 2021
40;https://www.amazon.com/Apple-USB-C-Compact-Power-Adapter/dp/B0B3C493HH/ref=zg_bs_pc_sccl_41/132-8246482-5984042?psc=1;#41;Apple;Apple 35W Dual USB-C Port Compact Power Adapter;316;Size data not available;4,8;Price data not available;White;Hardware interface data not available;IPhone 13 Pro, iPhone 13 Pro Max, iPhone 13 mini, iPhone 13, iPhone SE (3rd generation), iPhone 12 Pro, iPhone 12 Pro Max, iPhone 12 mini, iPhone 12, iPhone 11 Pro, iPhone 11 Pro Max, iPhone 11, iPhone SE (2nd generation), iPhone XS, iPhone XS Max, iPhone XR, iPhone X, iPhone 8,, AirPods Max, AirPods Pro, AirPods (3rd generation), AirPods with Wireless Charging Case (2nd generation), AirPods (2nd generation), AirPods (1st generation), Wireless Charging Case for AirPods, MacBook Air (M2, 2022), MacBook Air (M1, 2020), MacBook Air (Retina, 13‑inch, 2020), MacBook Air (Retina, 13-inch, 2018 - 2019), MacBook (Retina, 12-inch, Early 2015 – 2017), Apple Watch Series 7, Apple Watch Series 6, Apple Watch SE, Apple Watch Series 5, Apple Watch Series 4, Apple Watch Series 3, Apple Watch Series 2, Apple Watch Series 1, Apple Watch 1st generation, IPad Pro 12.9-inch (5th, 4th, 3rd, 2nd and 1st generations), iPad Pro 11-inch (3rd, 2nd and 1st generations), iPad Pro 10.5-inch, iPad Air (5th, 4th and 3rd generations), iPad (9th, 8th and 7th generations), iPad mini (6th and 5th generation)IPhone 13 Pro, iPhone 13 Pro Max, iPhone 13 mini, iPhone 13, iPhone SE (3rd generation), iPhone 12 Pro, iPhone 12 Pro Max,…;USB-C;USB Type C;Data transfer rate data not available;Mounting type data not available;Travel, Lightweight Design, Retractable Plug;Date first available not available
41;https://www.amazon.com/Fire-HD-8-Plus-tablet/dp/B0839NDRB2/ref=zg_bs_pc_sccl_42/132-8246482-5984042?psc=1;#42;Amazon;"Amazon Fire HD 8 Plus tablet, HD display, 32 GB, (2020 release), our best 8"" tablet for portable entertainment, Slate";39.874;Size data not available;4,5;Price data not available;Color not available;Hardware interface data not available;Compatible devices data not available;Connectivity technology data not available;Connector type data not available;Data transfer rate data not available;Mounting type data not available;Special features data not available;Date first available not available
42;https://www.amazon.com/Replacement-Compatible-Pavilion-elitebook-touchsmart/dp/B09SFR4FDR/ref=zg_bs_pc_sccl_43/132-8246482-5984042?psc=1;#43;YZAESHAY;"45W 19.5V 2.31A AC Adapter Replacement HP Laptop Charger Compatible for HP Pavilion 11 13 15;HP elitebook Folio 1040 g1;hp touchsmart 11 13 15;HP Stream 13 11 14";657;Size data not available;4,5;11,97;Color not available;Hardware interface data not available;Hp laptop charger;Connectivity technology data not available;Barrel Connector;Data transfer rate data not available;Mounting type data not available;Special features data not available;February 14, 2022
43;https://www.amazon.com/Acer-A515-56-32DK-Display-i3-1115G4-Processor/dp/B09R5VYRVN/ref=zg_bs_pc_sccl_44/132-8246482-5984042?psc=1;#44;Acer;"Acer Aspire 5 A515-56-32DK Slim Laptop - 15.6"" Full HD IPS Display - 11th Gen Intel i3-1115G4 Dual Core Processor - 4GB DDR4 - 128GB NVMe SSD - WiFi 6 - Amazon Alexa - Windows 11 Home in S mode.";3.735;Size data not available;4,3;323;Silver;Hardware interface data not available;Compatible devices data not available;Connectivity technology data not available;Connector type data not available;Data transfer rate data not available;Mounting type data not available;Special features data not available;April 25, 2022
44;https://www.amazon.com/TP-Link-Deco-Replacement-S4-3-Pack/dp/B084GTH5LL/ref=zg_bs_pc_sccl_45/132-8246482-5984042?psc=1;#45;TP-Link;TP-Link Deco Mesh WiFi System (Deco S4) – Up to 5,500 Sq.ft. Coverage, Replaces WiFi Router and Extender, Gigabit Ports, Works with Alexa, 3-pack;25.211;Size data not available;4,5;109,99;White;Hardware interface data not available;All WiFi Enabled devices;Wi-Fi, Ethernet;Connector type data not available;Data transfer rate data not available;Mounting type data not available;Special features data not available;February 21, 2020
45;https://www.amazon.com/NSPENCM-Charger-Replacement-Connector-Compatible/dp/B09BVKYWJ5/ref=zg_bs_pc_sccl_46/132-8246482-5984042?psc=1;#46;NSPENCM;NSPENCM 85W Mac Book Pro Charger, Replacement AC 85w 2T-Tip Connector Power Adapter,Laptop Charger Compatible with MacBook pro & Mac Book Air 13 inch-15 inch Retina After Mid 2012;1.984;Size data not available;4,5;19,99;White;Hardware interface data not available;Mac Book pro 13 inch-15 inch & Mac book Air 13inch After Mid 2012;Interface;5 Magnetic;Data transfer rate data not available;Mounting type data not available;Magnetic;August 4, 2021
46;https://www.amazon.com/IVETTO-Individual-Switches-MacBook-Surface/dp/B08R86STK4/ref=zg_bs_pc_sccl_47/132-8246482-5984042?psc=1;#47;IVETTO;7-Port USB 3.0 Hub, IVETTO Data USB Hub Splitter with 3.3ft Long Cable for Laptop, PC, MacBook, Mac Pro, Mac Mini, iMac, Surface Pro and More;4.528;3.3FT;4,5;19,99;7-Port;USB 3.0;Compatible devices data not available;Connectivity technology data not available;Connector type data not available;5 Gigabits Per Second;Mounting type data not available;Special features data not available;December 21, 2020
47;https://www.amazon.com/Surface-Charger-Microsoft-Windows-Support/dp/B0B4SBR4RN/ref=zg_bs_pc_sccl_48/132-8246482-5984042?psc=1;#48;MARSDOCK;65W Surface Pro Laptop Charger for Microsoft Surface Pro 9, 8, 7+, 7, 6, 5, 4, 3, X, Windows Surface Laptop 5, 4, 3, 2, 1 Studio, Surface Go Tablet, Surface Book 3, 2, 1, Support 44W, 36W, LED, 10FT;255;Size data not available;4,7;26,99;Black;Hardware interface data not available;Surface Book 3, 2, 1, Surface Go 3, 2, 1, etc., Surface Laptop 5, 4, 3, 2, 1, Surface Laptop Studio, Surface Laptop Go, Microsoft Surface Pro 9, 8, 7+, 7, 6, 5, 4, 3, XSurface Book 3, 2, 1, Surface Go 3, 2, 1, etc., Surface Laptop 5, 4, 3, 2, 1, Surface Laptop Studio, Surface Laptop Go, Microsof…;Connectivity technology data not available;MagSafe;Data transfer rate data not available;Mounting type data not available;Magnetic, Short Circuit Protection, Automatic Off, Charging Indicator, Fast Charging;June 22, 2022
48;https://www.amazon.com/Amazon-Official-Site-Fire-HD-Kids-8-Pro-Tablet-8-inch-Display-2022-release/dp/B09BG63ZMM/ref=zg_bs_pc_sccl_49/132-8246482-5984042?psc=1;#49;Amazon;"All-new Amazon Fire HD 8 Kids Pro tablet, 8"" HD display, ages 6-12, 30% faster processor, 13 hours battery life, Kid-Friendly Case, 32 GB, (2022 release), Rainbow Universe";511;Size data not available;4,4;Price data not available;Color not available;Hardware interface data not available;Compatible devices data not available;Connectivity technology data not available;Connector type data not available;Data transfer rate data not available;Mounting type data not available;Special features data not available;Date first available not available
49;https://www.amazon.com/ARRIS-SURFboard-Approved-SB8200-Frustration/dp/B07DY16W2Z/ref=zg_bs_pc_sccl_50/132-8246482-5984042?psc=1;#50;Brand data not available;ARRIS SURFboard SB8200 DOCSIS 3.1 Cable Modem | Approved for Comcast Xfinity, Cox, Charter Spectrum, & more | Two 1 Gbps Ports | 1 Gbps Max Internet Speeds | 4 OFDM Channels | 2 Year Warranty;16.465;Size data not available;4,5;144,99;Color not available;Hardware interface data not available;Compatible devices data not available;Connectivity technology data not available;Connector type data not available;Data transfer rate data not available;Mounting type data not available;Special features data not available;January 19, 2017
50;https://www.amazon.com/Upgraded-Version-Compatible-Microsoft-Tablet%EF%BC%8CWorks/dp/B09BJFHQYJ/ref=zg_bs_pc_sccl_1/132-8246482-5984042?psc=1;#51;SKDKYCCO;Surface Pro Charger -98W Super Fast Charger for Surface Pro 7/6/5/4/3 Power Supply Adapter, Compatible with Microsoft Surface Book Laptop/Tablet，Works with 65W&44W&36W&24W(6.8 Ft Cord)…;784;Size data not available;4,5;21,05;65WT;Hardware interface data not available;Laptops;Usb;USB Type C;Data transfer rate data not available;Mounting type data not available;Short Circuit Protection;July 30, 2021
51;https://www.amazon.com/MOTOROLA-MB7621-Approved-Spectrum-Downloads/dp/B077BL65HS/ref=zg_bs_pc_sccl_2/132-8246482-5984042?psc=1;#52;Motorola;Motorola MB7621 Cable Modem | Pairs with Any WiFi Router | Approved by Comcast Xfinity, Cox, and Spectrum | for Cable Plans Up to 900 Mbps | DOCSIS 3.0;25.713;DOCSIS 3.0 (1 Gbps Ethernet Port);4,5;74,99;Color not available;Hardware interface data not available;Personal Computer;Ethernet;Connector type data not available;Data transfer rate data not available;Mounting type data not available;Special features data not available;December 20, 2017
52;https://www.amazon.com/Fire-HD-10-tablet/dp/B08F5LQCYP/ref=zg_bs_pc_sccl_3/132-8246482-5984042?psc=1;#53;Amazon;Amazon Fire HD 10 inch tablet, 1080p Full HD, 32 GB, powerful octa-core processor, ready for downtime anytime, latest model (2021 release), Denim;99.743;Size data not available;4,6;Price data not available;Color not available;Hardware interface data not available;Compatible devices data not available;Connectivity technology data not available;Connector type data not available;Data transfer rate data not available;Mounting type data not available;Special features data not available;Date first available not available
53;https://www.amazon.com/Genuine-Lenovo-ThinkPad-Adapter-ADLX65YDC2A/dp/B07CGP4SB2/ref=zg_bs_pc_sccl_4/132-8246482-5984042?psc=1;#54;Lenovo;New Genuine Lenovo ThinkPad 65 Watt 20V 3.25A Type-C USB AC Adapter ADLX65YDC2A;2.829;Size data not available;4,7;24,60;Color not available;Hardware interface data not available;Laptops;USB;USB Type C;Data transfer rate data not available;Mounting type data not available;Portable;February 13, 2017
54;https://www.amazon.com/Monitor-Stand-Keyboard-Tray-Adjustable/dp/B07DWM9WNM/ref=zg_bs_pc_sccl_5/132-8246482-5984042?psc=1;#55;HUANUO;HUANUO Monitor and Laptop Mount with Tray for 13- 27 inch, Fully Adjustable Laptop Notebook Desk Mount up to 17 inch, Weight up to 22lbs, Extension with Clamp and Grommet Mounting Base;9.028;Size data not available;4,6;33,97;Black;Hardware interface data not available;Laptops;Connectivity technology data not available;Connector type data not available;Data transfer rate data not available;Desk mount;Rotatable, Adjustable;September 26, 2018
55;https://www.amazon.com/Lenovo-Chromebook-Processor-Graphics-82BA0003US/dp/B087YW8FQB/ref=zg_bs_pc_sccl_6/132-8246482-5984042?psc=1;#56;Lenovo;"Lenovo IdeaPad 3 11 Chromebook Laptop,11.6"" HD Display,Intel Celeron N4020, 4GB RAM, 64GB Storage, UHD Graphics 600, Chrome OS, Onyx Black";4.309;4GB | 64GB;4,4;116,00;Onyx Black;Hardware interface data not available;Compatible devices data not available;Connectivity technology data not available;Connector type data not available;Data transfer rate data not available;Mounting type data not available;Special features data not available;May 1, 2020
56;https://www.amazon.com/Fire-HD-10-Plus-tablet/dp/B08F6FYN6B/ref=zg_bs_pc_sccl_7/132-8246482-5984042?psc=1;#57;Amazon;"Amazon Fire HD 10 Plus tablet, 10.1"", 1080p Full HD, 32 GB, latest model (2021 release), Slate";22.588;Size data not available;4,6;Price data not available;Color not available;Hardware interface data not available;Compatible devices data not available;Connectivity technology data not available;Connector type data not available;Data transfer rate data not available;Mounting type data not available;Special features data not available;Date first available not available
57;https://www.amazon.com/Fire-HD-8-Kids-Edition-tablet/dp/B07WDDT3G5/ref=zg_bs_pc_sccl_8/132-8246482-5984042?psc=1;#58;Amazon;"Fire HD 8 Kids tablet, 8"" HD display, ages 3-7, 32 GB, includes a 1-year subscription to Amazon Kids+ content, Blue Kid-Proof Case, (2020 release)";128.940;Size data not available;4,7;Price data not available;Color not available;Hardware interface data not available;Compatible devices data not available;Connectivity technology data not available;Connector type data not available;Data transfer rate data not available;Mounting type data not available;Special features data not available;Date first available not available
58;https://www.amazon.com/Universal-Replacement-Chromebook-Latitude-Thinkpad/dp/B09C89L278/ref=zg_bs_pc_sccl_9/132-8246482-5984042?psc=1;#59;HBONY;Universal 45W Type C USB C Chromebook Charger USB-C Laptop Replacement for Acer Chromebook Spin CP CB 311 315 11 13 15 713 715,Lenovo HP Samsung Google Asus Dell Chromebook Charger, Power Cord Adapter;411;Size data not available;4,5;9,88;Black;Hardware interface data not available;Universal Fit For Acer Chromebook/HP Chromebook/Lenovo Chromebook Thinkpad Yoga/Dell Chromebook Latitude XPS 13/Asus Chromebook/Samsung Chromebook.Universal Fit For Acer Chromebook/HP Chromebook/Lenovo Chromebook Thinkpad Yoga/Dell Chromebook Latitude XPS 1…;Interface,Usb;USB Type C;Data transfer rate data not available;Mounting type data not available;Fast Chargering, Over current protection, Over Voltage Protection, Short circuit protection;August 10, 2021
59;https://www.amazon.com/Fire-HD-10-tablet/dp/B08F6B347L/ref=zg_bs_pc_sccl_10/132-8246482-5984042?psc=1;#60;Amazon;Amazon Fire HD 10 inch tablet, 1080p Full HD, 32 GB, powerful octa-core processor, ready for downtime anytime, latest model (2021 release), Lavender;99.743;Size data not available;4,6;Price data not available;Color not available;Hardware interface data not available;Compatible devices data not available;Connectivity technology data not available;Connector type data not available;Data transfer rate data not available;Mounting type data not available;Special features data not available;Date first available not available
60;https://www.amazon.com/Fire-HD-10-tablet/dp/B08BX8CW9V/ref=zg_bs_pc_sccl_11/132-8246482-5984042?psc=1;#61;Amazon;Amazon Fire HD 10 inch tablet, 1080p Full HD, 64 GB, powerful octa-core processor, ready for downtime anytime, latest model (2021 release), Black;99.743;Size data not available;4,6;Price data not available;Color not available;Hardware interface data not available;Compatible devices data not available;Connectivity technology data not available;Connector type data not available;Data transfer rate data not available;Mounting type data not available;Special features data not available;Date first available not available
61;https://www.amazon.com/uni-Aluminum-Adapter-Ultra-Slim-Compatible/dp/B08M3ZY8SZ/ref=zg_bs_pc_sccl_12/132-8246482-5984042?psc=1;#62;Uni;USB Hub, uni Aluminum 4-Port USB Splitter for Laptop, Slim USB 3.0 Hub Keyboard and Mouse Adapter Compatible with PC, MacBook Air, Mac Pro, iMac, Surface Pro, Flash Drive, Mobile HDD;4.754;0.6ft;4,6;12,25;Color not available;USB 3.0 Type A;USB Flash Drives, Mouse, Keyboards, Laptops, Speakers, Desktops;Connectivity technology data not available;Connector type data not available;5 Gigabits Per Second;Mounting type data not available;Special features data not available;April 8, 2021
62;https://www.amazon.com/Introducing-eero-mesh-WiFi-system-3-pack-/dp/B07WMLPSRL/ref=zg_bs_pc_sccl_13/132-8246482-5984042?psc=1;#63;eero;Amazon eero mesh WiFi system – router replacement for whole-home coverage (3-pack);34.606;Size data not available;4,5;Price data not available;Color not available;Hardware interface data not available;Compatible devices data not available;Connectivity technology data not available;Connector type data not available;Data transfer rate data not available;Mounting type data not available;Special features data not available;Date first available not available
63;https://www.amazon.com/Adapter-Laptop-Charger-Compatible-Inspiron/dp/B07J2FYS6N/ref=zg_bs_pc_sccl_14/132-8246482-5984042?psc=1;#64;IEFUU;45W AC Adapter Laptop Charger Compatible for Dell Inspiron 15 3000 5000 7000 Series 14-5000 13-7000 13-5000 17-7000 11-3000 3583 3593 5100 5570 5558 5559 Series Dell Computer Power Supply Cord;3.489;Size data not available;4,3;11,78;Black;Hardware interface data not available;Dell Computer Charger Dell Inspiron Charger;Connectivity technology data not available;2-Pin;Data transfer rate data not available;Mounting type data not available;Fast_charging;October 5, 2018
64;https://www.amazon.com/Surface-Laptop-Charger-Adapter-Microsoft/dp/B07Q4GK8WS/ref=zg_bs_pc_sccl_15/132-8246482-5984042?psc=1;#65;KABCON;Surface Pro Surface Laptop Charger [UL Listed] 65W Adapter Compatible with Microsoft Surface Pro 8 Pro X Pro 7 Pro 6 Pro 5 Pro 4 Pro 3 Surface Laptop 1 2 3 Surface Go 1 2 Surface Book and Travel Case;3.411;Size data not available;4,6;24,99;Black;Hardware interface data not available;Laptops;Usb;USB;Data transfer rate data not available;Mounting type data not available;Fast Charging,Travel;April 8, 2019
65;https://www.amazon.com/atolla-7-Port-Splitter-Extender-Individual/dp/B0B8783HJZ/ref=zg_bs_pc_sccl_16/132-8246482-5984042?psc=1;#66;Atolla;atolla 7-Port USB 3.0 Hub Splitter, USB Extender Ultra Slim Data USB Hub with Individual Power Switch and LEDs;73;Size data not available;4,6;18,99;Color not available;USB;Headphones, Keyboards, Speakers;Connectivity technology data not available;Connector type data not available;5 Gigabits Per Second;Mounting type data not available;Special features data not available;August 1, 2022
66;https://www.amazon.com/IdeaPad-Laptop-Charger-Adapter-Lenovo/dp/B08PBQK7H7/ref=zg_bs_pc_sccl_17/132-8246482-5984042?psc=1;#67;XINZOKYC;IdeaPad Laptop Charger 65W 45W AC Adapter for Lenovo Laptop 110 110s 120s 130s 310 330S 320 330 510 510s 520 710s Yoga 710 Flex 14 14iwl Laptop Power Supply Cord……;2.438;Size data not available;4,7;11,99;65W;Hardware interface data not available;Laptops;USB;USB;Data transfer rate data not available;Lenovo Laptop 110 110s 120s 130s 310 330S 320 330 510 510s 520 710s Yoga 710 Flex 14 14iwl;短路保护;November 30, 2020
67;https://www.amazon.com/IdeaPad-Laptop-Charger-Lenovo-Adapter/dp/B08X4M4LBR/ref=zg_bs_pc_sccl_18/132-8246482-5984042?psc=1;#68;Superer;Charger for Lenovo Laptop Charger - 65W 45W;1.362;Size data not available;4,7;14,99;Color not available;Hardware interface data not available;Lenovo laptop Charger;Wired;Round Tip;Data transfer rate data not available;Mounting type data not available;UL Safety Certified;February 22, 2021
68;https://www.amazon.com/Docking-Station-Monitor-Multiple-Ethernet/dp/B09WDCH35N/ref=zg_bs_pc_sccl_19/132-8246482-5984042?psc=1;#69;ABIWAZY;USB C Docking Station Dual Monitor for Dell/HP/Lenovo/Surface Laptop, 14 in 1 Triple Display USB C Hub Multiple Adapter, USB C Dongle with 2 HDMI 4K+VGA+5 USB Port+100W PD Charger+Ethernet+SD/TF+Audio;1.277;Size data not available;4,3;66,99;14 in 1 Dock for laptop;USB Type C;Laptops(The usb type c interface of the laptops supports full functions with Delivery+DisplayPort+Data Transfer), USB-C Device, Smartphones, Tablets, Keyboards, Monitors, Card ReadersLaptops(The usb type c interface of the laptops supports full functions with Delivery+DisplayPort+Data Transfer), USB-C De…;Connectivity technology data not available;Connector type data not available;Data transfer rate data not available;Mounting type data not available;Special features data not available;March 24, 2022
69;https://www.amazon.com/Apple-MacBook-13-inch-256GB-Storage/dp/B08N5LNQCX/ref=zg_bs_pc_sccl_20/132-8246482-5984042?psc=1;#70;Apple;"Apple 2020 MacBook Air Laptop M1 Chip, 13” Retina Display, 8GB RAM, 256GB SSD Storage, Backlit Keyboard, FaceTime HD Camera, Touch ID. Works with iPhone/iPad; Space Gray";14.274;Size data not available;4,8;899,00;Space Gray;Hardware interface data not available;Compatible devices data not available;Connectivity technology data not available;Connector type data not available;Data transfer rate data not available;Mounting type data not available;Special features data not available;Date first available not available
70;https://www.amazon.com/Mesh-Wifi-6-Router-System/dp/B085Z35GY6/ref=zg_bs_pc_sccl_21/132-8246482-5984042?psc=1;#71;TP-Link;TP-Link Deco WiFi 6 Mesh System(Deco X20) - Covers up to 5800 Sq.Ft. , Replaces Wireless Routers and Extenders(3-Pack, 6 Ethernet Ports in total, supports Wired Ethernet Backhaul);10.275;Size data not available;4,6;159,99;White;Hardware interface data not available;All WiFi Enabled Devices;Wi-Fi, Ethernet;Connector type data not available;Data transfer rate data not available;Mounting type data not available;Special features data not available;April 20, 2020
71;https://www.amazon.com/Replacement-15-BS015DX-15-AF131DX-15-F272WM-15-F233WM-15-AY009DX/dp/B07MGTL6L9/ref=zg_bs_pc_sccl_22/132-8246482-5984042?psc=1;#72;SKSTYLE;45W 19.5V 2.31A AC Adapter Laptop Charger Compatible for HP Notebook 15 Charger 15-ba009dx 15-ba079dx 15-ba113cl 15-bs015dx 15-bs113dx 15-bs115dx 15-bw011dx 15-bw032wm Laptop PC Power Supply Cord;4.072;Size data not available;4,7;11,98;Color not available;Hardware interface data not available;Laptops;Connectivity technology data not available;Barrel Connector;Data transfer rate data not available;Mounting type data not available;Short Circuit Protection;December 24, 2018
72;https://www.amazon.com/15-f272wm-15-f387wm-15-f233wm-15-f222wm-15-f211wm/dp/B07H4GKHJ1/ref=zg_bs_pc_sccl_23/132-8246482-5984042?psc=1;#73;TSKYBEAR;45W 19.5V 2.31A Ac Adapter Laptop Charger for HP Pavilion x360 Charger 15-f272wm 15-f387wm 15-f233wm 15-f222wm 15-f211wm 15-f337wm 17-g121wm 17-g119dx Laptop Notebook Power Supply Cord Plug;6.799;Size data not available;4,6;13,93;Black;Hardware interface data not available;Hp laptop charger, Hp charger for laptop, Compatible with : HP 15-r015dx 15-f008cl 15-p100dx 15-g013cl 15-d035dx 15-bs015dx 15-ba009dx 15-ay196nr 15-ay191ms 15-ay127cl 15-ay041wm 15-ay039wm 15-af131dx 15-af113cl 14-ax040wm 14-ax020wm 14-ax020nr 14-ax010wm 14-an013nr 14-an012nr Laptop Notebook Ac Adapter Laptop Charger, Hp computer charger, Hp pavilion chargerHp laptop charger, Hp charger for laptop, Compatible with : HP 15-r015dx 1…;Connectivity technology data not available;Barrel Connector;Data transfer rate data not available;Mounting type data not available;Short Circuit Protection;September 6, 2018
73;https://www.amazon.com/Fire-HD-8-tablet/dp/B0839MQ8Y8/ref=zg_bs_pc_sccl_24/132-8246482-5984042?psc=1;#74;Amazon;"Amazon Fire HD 8 tablet, 8"" HD display, 64 GB, (2020 release), designed for portable entertainment, Black";167.898;Size data not available;4,6;Price data not available;Color not available;Hardware interface data not available;Compatible devices data not available;Connectivity technology data not available;Connector type data not available;Data transfer rate data not available;Mounting type data not available;Special features data not available;Date first available not available
74;https://www.amazon.com/Replacement-Adapter-Dell-Inspiron-15-3552/dp/B07BXWG1SV/ref=zg_bs_pc_sccl_25/132-8246482-5984042?psc=1;#75;SLE-TECH;45W Replacement AC Adapter Charger for Dell Inspiron 15 3000 5000 Series 15-3552 3555 3558 3565 3567 5551 5552 5555 5558 5559 5565 5567 5568 5578 7558 7568 7569 7579 Laptop Power Supply Cord;4.683;Size data not available;4,4;14,88;Color not available;Hardware interface data not available;P51F P25T P24T P20T P75F P60G P57G P58F P69G P54G P28E P66F P55F P30E P29G P89G P70F P64G P47F P35E P32E P63F P76G P83G P87GP51F P25T P24T P20T P75F P60G P57G P58F P69G P54G P28E P66F P55F P30E P29G P89G P70F P64G P47F P35E P32E P…;Connectivity technology data not available;Barrel Connector;Data transfer rate data not available;Mounting type data not available;Lightweight Design, Travel, Short Circuit Protection;April 4, 2018
75;https://www.amazon.com/NETGEAR-R6700-Nighthawk-Gigabit-Ethernet/dp/B00R2AZLD2/ref=zg_bs_pc_sccl_26/132-8246482-5984042?psc=1;#76;Brand data not available;NETGEAR Nighthawk Smart Wi-Fi Router, R6700 - AC1750 Wireless Speed Up to 1750 Mbps | Up to 1500 Sq Ft Coverage & 25 Devices | 4 x 1G Ethernet and 1 x 3.0 USB Ports | Armor Security;49.944;Size data not available;4,4;69,99;Color not available;Hardware interface data not available;Compatible devices data not available;Connectivity technology data not available;Connector type data not available;Data transfer rate data not available;Mounting type data not available;Special features data not available;December 16, 2014
76;https://www.amazon.com/Dell-Laptop-Charger-Adapter-Latitude/dp/B07Q3YDR1C/ref=zg_bs_pc_sccl_27/132-8246482-5984042?psc=1;#77;Dell;Dell Laptop Charger 65W watt AC Power Adapter(Power Supply) 19.5V 3.34A for Dell Latitude E5440 E5470 7480 E6540 E7440 E7450 E7250 E6440 E6430 7490 7290 5490 5590 5290;3.163;Size data not available;4,6;25,99;Color not available;Hardware interface data not available;Laptops;Barrel;MagSafe;Data transfer rate data not available;Wall;Fast Charging;March 27, 2019
77;https://www.amazon.com/Charger-Adapter-MacBook-Thunderbolt-Indicator/dp/B0837N9LVF/ref=zg_bs_pc_sccl_28/132-8246482-5984042?psc=1;#78;IFEART;96W USB C Charger for MacBook Pro 16, 15, 14, 13 inch 2021, 2020, 2019, 2018, New MacBook Air, iPad Pro, USBC, Type C Thunderbolt Laptop Power Adapter Supply, LED, 6.6ft 5A USB C to C Charging Cable;2.087;Size data not available;4,4;29,99;White;Hardware interface data not available;MacBook Air Charger 2021 2020 2019 2018, MacBook Retina 12 inch 2015, Any USB C device, USB C MacBook Pro 13 14 15 16 inch 2021 2020 2019 2018 2017 2016, IPad Pro 12.9 11, iPad Air 4, iPad Mini 6, Lenovo Thinkpad, Yoga, ideapad, Dell, HP, SurfaceMacBook Air Charger 2021 2020 2019 2018, MacBook Retina 12 inch 2015, Any USB C device, USB C MacBook Pro 13 14 1…;USB C;USB Type C;Data transfer rate data not available;Mounting type data not available;Overvoltage Protection, Overload Protection, Undervoltage Protection, Short circuit Protection, Fast Charging, Wireless ChargerOvervoltage Protection, Overload Protection, Undervoltage Protection, Short circuit Protection, Fast Charging, Wireless Char…;January 13, 2020
78;https://www.amazon.com/Motivational-Waterproof-Hydroflasks-Computers-Employees/dp/B091PPTZB6/ref=zg_bs_pc_sccl_29/132-8246482-5984042?psc=1;#79;YOMELA;Quote Stickers, Positive Stickers 200Pcs Motivational Waterproof Vinyl Stickers for Water Bottle Hydroflasks Laptops Computers Phone for Women Adults Kids Students Teachers Employees;924;Size data not available;4,5;12,99;Quote Stickers;Hardware interface data not available;Compatible devices data not available;Connectivity technology data not available;Connector type data not available;Data transfer rate data not available;Mounting type data not available;Waterproof;April 5, 2021
79;https://www.amazon.com/CAKOLINK-Aesthetic-Stickers-Waterproof-Computer/dp/B09NC734FV/ref=zg_bs_pc_sccl_30/132-8246482-5984042?psc=1;#80;CAKOLINK;CAKOLINK Vintage Aesthetic Stickers 50 Pcs, Vinyl Waterproof Stickers for Water Bottles Laptop Phone Computer Guitar (1);424;Size data not available;4,6;5,98;1;Hardware interface data not available;Compatible devices data not available;Connectivity technology data not available;Connector type data not available;Data transfer rate data not available;Mounting type data not available;Waterproof;December 10, 2021
80;https://www.amazon.com/PowerSource-Listed-Adapter-Models-Including/dp/B07SW89GC3/ref=zg_bs_pc_sccl_81/132-8246482-5984042?psc=1;#81;PowerSource;PowerSource 19.5V 65W 45W UL Listed 14Ft Long HP Smart Blue Tip AC Adapter for Many Models Including: X360 Pavilion, Envy, Spectre, Elitebook 840, ProBook, and More Laptop Power-Supply Charger Cord;6.888;Size data not available;4,7;29,97;Black;Hardware interface data not available;Compatible devices data not available;AC Adapter;Blue Tip;Data transfer rate data not available;Mounting type data not available;UL Listed, Efficient and Stable Charging, 14Ft Extra Long Power Cord, Charging Indicator, Compliant with Top Industry StandardsUL Listed, Efficient and Stable Charging, 14Ft Extra Long Power Cord, Char…;November 29, 2016
81;https://www.amazon.com/Anker-PowerExpand-Adapter-Delivery-Ethernet/dp/B087QZVQJX/ref=zg_bs_pc_sccl_82/132-8246482-5984042?psc=1;#82;Anker;Anker USB C Hub, 555 USB-C Hub (8-in-1), with 100W Power Delivery, 4K 60Hz HDMI Port, 10Gbps USB C and 2 USB A Data Ports, Ethernet Port, microSD and SD Card Reader, for MacBook Pro and More;4.786;Size data not available;4,4;74,99;Gray;Ethernet;MacBook Air, Tablets, Laptops;Connectivity technology data not available;Connector type data not available;Data transfer rate data not available;Mounting type data not available;Special features data not available;April 27, 2020
82;https://www.amazon.com/MOTOROLA-MG7700-AC1900-Gigabit-Maximum/dp/B07BRZ2KW5/ref=zg_bs_pc_sccl_83/132-8246482-5984042?psc=1;#83;Motorola;Motorola MG7700 Modem WiFi Router Combo with Power Boost | Approved by Comcast Xfinity, Cox and Spectrum | for Cable Plans Up to 800 Mbps | DOCSIS 3.0 + Gigabit Router;12.879;Size data not available;4,3;159,98;Color not available;Hardware interface data not available;Tablet, Smartphone;Wi-Fi, Ethernet;Connector type data not available;Data transfer rate data not available;Mounting type data not available;Special features data not available;March 28, 2018
83;https://www.amazon.com/Fire-7-Kids-Tablet/dp/B099HP4D5Z/ref=zg_bs_pc_sccl_84/132-8246482-5984042?psc=1;#84;Amazon;"Amazon Fire 7 Kids tablet, 7"" display, ages 3-7, with ad-free content kids love, 2-year worry free guarantee, parental controls, 16 GB, (2022 release), Purple";3.385;Size data not available;4,6;Price data not available;Color not available;Hardware interface data not available;Compatible devices data not available;Connectivity technology data not available;Connector type data not available;Data transfer rate data not available;Mounting type data not available;Special features data not available;Date first available not available
84;https://www.amazon.com/Plugable-Universal-Laptop-Docking-Station-Dual-Monitor-2-Hdmi/dp/B00ECDM78E/ref=zg_bs_pc_sccl_85/132-8246482-5984042?psc=1;#85;Plugable;Plugable USB 3.0 Universal Laptop Docking Station Dual Monitor for Windows and Mac (Dual Video: HDMI and DVI/VGA/HDMI, Gigabit Ethernet, Audio, 6 USB Ports);10.963;Size data not available;4,6;119,00;Black;VGA;Apple M1/M2 and Intel Macs (with macOS 10.15 or later), ChromeOS 100 or later, Microsoft Surface line (Surface Pro, etc), HP Spectre x360 series, Dell XPS 13 & XPS 15 / Latitude, Lenovo Thinkpad T seriesApple M1/M2 and Intel Macs (with macOS 10.15 or later), ChromeOS 100 or later, Microsoft Surface line (Surface Pro, etc), H…;Connectivity technology data not available;Connector type data not available;Data transfer rate data not available;Mounting type data not available;Special features data not available;August 15, 2013
85;https://www.amazon.com/Dell-45W-Replacement-AC-Adapter/dp/B007OYLNGA/ref=zg_bs_pc_sccl_86/132-8246482-5984042?psc=1;#86;Dell;Dell 45W Replacement AC Adapter for Dell;7.687;Size data not available;4,6;21,95;Color not available;Hardware interface data not available;Laptops;Connectivity technology data not available;Connector type data not available;Data transfer rate data not available;Mounting type data not available;Travel;March 27, 2012
86;https://www.amazon.com/UtechSmart-Ethernet-Delivery-Compatible-Chromebook/dp/B07H2ZS1B5/ref=zg_bs_pc_sccl_87/132-8246482-5984042?psc=1;#87;UtechSmart;USB C Hub, UtechSmart 6 In 1 USB C to HDMI Adapter with 1000M Ethernet, Power Delivery Pd Type C Charging Port, 3 USB 3.0 Ports Adapter Compatible for MacBook Pro, Chromebook, XPS, and USB C devices;7.398;Size data not available;4,4;29,99;Gray;USB, Ethernet, HDMI, USB 3.0;MacBook Pro;Connectivity technology data not available;Connector type data not available;Data transfer rate data not available;Mounting type data not available;Special features data not available;September 25, 2018
87;https://www.amazon.com/Charger-Pavilion-Elitebook-Touchsmart-Ultrabook/dp/B07B7KNGNB/ref=zg_bs_pc_sccl_88/132-8246482-5984042?psc=1;#88;ROLADA;HP 45W 19.5V 2.31A Laptop Charger for HP Stream 11 13 14, Pavilion, Elitebook Folio, Spectre, Pavilion Touchsmart, Spectre Ultrabook, AC Adapter Power Supply (4.5mm x 3mm);1.392;Size data not available;4,7;12,99;Black-v306;Hardware interface data not available;Laptops;Connectivity technology data not available;Barrel Connector;Data transfer rate data not available;Mounting type data not available;Fast Charging;March 5, 2018
88;https://www.amazon.com/15-f111dx-15-f211wm-15-f233wm-15-f278nr-15-r052nr/dp/B08ZSFS4J6/ref=zg_bs_pc_sccl_89/132-8246482-5984042?psc=1;#89;DONGNI;65W 19.5V 3.33A Ac Adapter for HP Pavilion x360 11 13 15, Zbook 14u G4 G5 15u 15 G3, 15-f111dx 15-f211wm 15-f233wm 15-f278nr 15-r052nr 15-r132wm Power Supply Blue Tip;2.376;Size data not available;4,7;13,99;Color not available;Hardware interface data not available;Laptops;Connectivity technology data not available;Barrel Connector;Data transfer rate data not available;Mounting type data not available;Special features data not available;March 23, 2021
89;https://www.amazon.com/NETGEAR-Cable-Modem-Router-Combo/dp/B0787TRNMH/ref=zg_bs_pc_sccl_90/132-8246482-5984042?psc=1;#90;NETGEAR;NETGEAR Cable Modem Wi-Fi Router Combo C6250 - Compatible with All Cable Providers Including Xfinity by Comcast, Spectrum, Cox | for Cable Plans Up to 300 Mbps | AC1600 Wi-Fi Speed | DOCSIS 3.0;20.626;Size data not available;4,3;69,98;Color not available;Hardware interface data not available;Printer;Wifi, Two (2) 10/100/1000 LAN Gigabit Ethernet ports with auto-sensing technology, One (1) USB 2.0 portWifi, Two (2) 10/100/1000 LAN Gigabit Eth…;Connector type data not available;Data transfer rate data not available;Mounting type data not available;Special features data not available;December 15, 2017
90;https://www.amazon.com/NETGEAR-Nighthawk-6-Stream-Router-RAX50/dp/B082X17B8P/ref=zg_bs_pc_sccl_91/132-8246482-5984042?psc=1;#91;NETGEAR;NETGEAR Nighthawk 6-Stream AX5400 WiFi 6 Router (RAX50) - AX5400 Dual Band Wireless Speed (Up to 5.4 Gbps) | 2,500 sq. ft. Coverage;4.503;Size data not available;4,4;148,96;Black;Hardware interface data not available;Laptop, Gaming Console, Smartphone;Wi-Fi, Ethernet;Connector type data not available;Data transfer rate data not available;Mounting type data not available;Special features data not available;February 28, 2020
91;https://www.amazon.com/Stickers-Psychedelic-Accessories-Computer-Skateboard/dp/B09TGHN2QQ/ref=zg_bs_pc_sccl_92/132-8246482-5984042?psc=1;#92;POTOTA;Trippy Stickers 100 PCS Psychedelic Stickers for Adults,Trippy Accessories Stickers,Hippie Sticker Packs for Adults,Laptop Hydro Flask Water Bottle Car Cup Computer Guitar Skateboard Luggage Bike;926;Size data not available;4,6;7,99;Multicolor;Hardware interface data not available;Compatible devices data not available;Connectivity technology data not available;Connector type data not available;Data transfer rate data not available;Mounting type data not available;Waterproof;February 26, 2022
92;https://www.amazon.com/HP-800-G1-Performance-Professional/dp/B07NL4CT8L/ref=zg_bs_pc_sccl_93/132-8246482-5984042?psc=1;#93;HP;HP EliteDesk 800 G1 SFF High Performance Business Desktop Computer, Intel Quad Core i5-4590 upto 3.7GHz, 16GB RAM, 1TB HDD, 256GB SSD (boot), DVD, WiFi, Windows 10 Professional (Renewed);1.918;Size data not available;4,5;159,99;Color not available;Hardware interface data not available;Compatible devices data not available;Connectivity technology data not available;Connector type data not available;Data transfer rate data not available;Mounting type data not available;Special features data not available;February 11, 2019
93;https://www.amazon.com/ONFINIO-Splitter-Individual-Switches-Compatible/dp/B0B6B1J4ZT/ref=zg_bs_pc_sccl_94/132-8246482-5984042?psc=1;#94;Onfinio;ONFINIO USB Hub 3.0, 7-Port USB Hub Splitter with Individual On/Off Switches and Lights, 3.2ft/1m Long Cable Compatible with MacBook, Laptop, Surface Pro, PS4, PC, Flash Drive, Mobile HDD;288;Size data not available;4,4;15,99;Color not available;USB;USB Flash Drives, Mouse, Tablets, Keyboards, Laptops, Desktops, Printers;Connectivity technology data not available;Connector type data not available;5 Gigabits Per Second;Mounting type data not available;Special features data not available;July 12, 2022
94;https://www.amazon.com/TP-Link-Archer-AX73-High-Speed-Streaming/dp/B08TH4D3QV/ref=zg_bs_pc_sccl_95/132-8246482-5984042?psc=1;#95;TP-Link;TP-Link AX5400 WiFi 6 Router (Archer AX73)- Dual Band Gigabit Wireless Internet Router, High-Speed ax Router for Streaming, Long Range Coverage;10.006;Size data not available;4,5;179,99;Color not available;Hardware interface data not available;Router;Wi-Fi, USB, Ethernet;Connector type data not available;Data transfer rate data not available;Mounting type data not available;Special features data not available;March 28, 2021
95;https://www.amazon.com/Replacement-Thinkpad-ADLX65NLC2A-ADLX65NCC2A-ADLX65NCC3A/dp/B07MQD55F3/ref=zg_bs_pc_sccl_96/132-8246482-5984042?psc=1;#96;WZXHU;WZXHU Replacement 65W Lenovo Laptop Charger for Lenovo Thinkpad T470 T470S T460 E531 E570 E560 L470 L460 L440 T440 T450 T540P X270 X250 X240 ADLX65NLC2A ADLX65NCC3A ADLX65NCC2A AC Power Adapter;1.685;Size data not available;4,6;12,79;Color not available;Hardware interface data not available;Compatible devices data not available;Connectivity technology data not available;Connector type data not available;Data transfer rate data not available;Mounting type data not available;Special features data not available;January 10, 2019
96;https://www.amazon.com/Benresive-Waterproof-Hydroflask-Skateboard-Aesthetic/dp/B09TQ8FQ84/ref=zg_bs_pc_sccl_97/132-8246482-5984042?psc=1;#97;Benresive;Benresive 100 Pcs Cute Animal Stickers for Kids, Water Bottle Stickers Waterproof Vinyl Hydroflask Phone Skateboard Laptop Stickers, Aesthetic Sticker Packs for Girls Teens;722;Size data not available;4,8;7,99;Multicolor;Hardware interface data not available;Compatible devices data not available;Connectivity technology data not available;Connector type data not available;Data transfer rate data not available;Mounting type data not available;Waterproof;March 2, 2022
97;https://www.amazon.com/Fire-HD-10-Kids-tablet/dp/B08F5Z2MC2/ref=zg_bs_pc_sccl_98/132-8246482-5984042?psc=1;#98;Amazon;"Amazon Fire HD 10 Kids tablet, 10.1"", 1080p Full HD, ages 3–7, 32 GB, Lavender";19.097;Size data not available;4,7;Price data not available;Color not available;Hardware interface data not available;Compatible devices data not available;Connectivity technology data not available;Connector type data not available;Data transfer rate data not available;Mounting type data not available;Special features data not available;Date first available not available
98;https://www.amazon.com/Universal-Charger-Replacement-Thinkpad-Chromebook-Latitude/dp/B09KXMZXM9/ref=zg_bs_pc_sccl_99/132-8246482-5984042?psc=1;#99;NXNUFCSM;Universal 65W 45W USB C Laptop Charger-Replacement for Lenovo Thinkpad/Yoga/Chromebook,HP Acer Asus Samsung Mac book pro Dell Chromebook Latitude xps 13 Series,Fast Type C AC Adapter Power Cord Supply;454;Size data not available;4,3;17,29;Black;Hardware interface data not available;Lenovo Thinkpad Yoga Chromebook Series/HP Acer Asus Samsung Chromebook Series/Dell Chromebook Latitude XPS 13 Series.Lenovo Yoga C940 C740 C930 720 730s 7i/Lenovo ThinkPad T480 T480s T490 T490s T570 T580 T580s T590 E480 E580 E485 E585 E490 E590 L480 L580 X280 X380 X390 X395/Lenovo Chromebook 300e 100e 500e C330 C340 S330 S340Lenovo Thinkpad Yoga Chromebook Series/HP Acer…;Usb;USB;Data transfer rate data not available;Mounting type data not available;Over voltage protection, Over current protection, Short circuit protection;November 3, 2021
99;https://www.amazon.com/Fire-HD-10-Kids-tablet/dp/B08F62DV1Z/ref=zg_bs_pc_sccl_100/132-8246482-5984042?psc=1;#100;Amazon;"Amazon Fire HD 10 Kids tablet, 10.1"", 1080p Full HD, ages 3–7, 32 GB, Sky Blue";19.097;Size data not available;4,7;Price data not available;Color not available;Hardware interface data not available;Compatible devices data not available;Connectivity technology data not available;Connector type data not available;Data transfer rate data not available;Mounting type data not available;Special features data not available;Date first available not available